Workbook

Sheet Fiscal Cliff Timeline
A1: Year | B1: PNRR Funds (€bn) | C1: Anghel Saligny (€bn) | D1: Total EU Funding (€bn) | E1: Budget Deficit (% GDP) | F1: Phase
A2: 2022 | B2: 2.8 | C2: 1.2 | D2: =B2+C2 -> 4 | E2: 5.7 | F2: Buildup
A3: 2023 | B3: 4.2 | C3: 1.8 | D3: =B3+C3 -> 6 | E3: 6.2 | F3: Buildup
A4: 2024 | B4: 5.1 | C4: 2.1 | D4: =B4+C4 -> 7.2 | E4: 7 | F4: Peak
A5: 2025 | B5: 4.8 | C5: 1.9 | D5: =B5+C5 -> 6.7 | E5: 7.7 | F5: Peak
A6: 2026 | B6: 2.3 | C6: 0.8 | D6: =B6+C6 -> 3.1 | E6: 8 | F6: Cliff Edge
A7: 2027 | B7: 0 | C7: 0 | D7: =B7+C7 -> 0 | E7: 6.8 | F7: Air Pocket
A8: 2028 | B8: 0 | C8: 0 | D8: =B8+C8 -> 0 | E8: 5.9 | F8: Air Pocket
A10: Key Metrics:
A11: Peak EU Funding (2024): | B11: =MAX(D2:D8) -> 7.2
A12: Cliff Edge Drop (2025→2026): | B12: =(D5-D6)/D5 -> 0.53731343
A13: Total Funding Lost (2026→2027): | B13: =D6-D7 -> 3.1
A14: Peak Budget Deficit: | B14: =MAX(E2:E8) -> 8
A15: Deficit vs EU Limit (3%): | B15: =B14/3 -> 2.6666667
A17: Critical Observations:
A18: • PNRR (National Recovery and Resilience Plan): EU post-COVID recovery funds
A19: • Anghel Saligny: Romanian government infrastructure program
A20: • July 2026: PNRR program officially expires
A21: • 2027-2028: "Air Pocket" - Zero EU inflows while deficit remains elevated
A22: • Budget deficit 2025/2026: 7.7-8.0% GDP vs EU reference value of 3.0%
A23: • No fiscal room to replace lost stimulus - deficit already 2.6x over EU limit

Sheet YoY Analysis
A1: Year | B1: Total Funding (€bn) | C1: YoY Change (€bn) | D1: YoY Change (%) | E1: Budget Deficit
A2: 2022 | B2: ='Fiscal Cliff Timeline'!D2 -> 4 | E2: ='Fiscal Cliff Timeline'!E2 -> 5.7
A3: 2023 | B3: ='Fiscal Cliff Timeline'!D3 -> 6 | C3: =B3-B2 -> 2 | D3: =IF(B2=0,"N/A",(B3-B2)/B2) -> 0.5 | E3: ='Fiscal Cliff Timeline'!E3 -> 6.2
A4: 2024 | B4: ='Fiscal Cliff Timeline'!D4 -> 7.2 | C4: =B4-B3 -> 1.2 | D4: =IF(B3=0,"N/A",(B4-B3)/B3) -> 0.2 | E4: ='Fiscal Cliff Timeline'!E4 -> 7
A5: 2025 | B5: ='Fiscal Cliff Timeline'!D5 -> 6.7 | C5: =B5-B4 -> -0.5 | D5: =IF(B4=0,"N/A",(B5-B4)/B4) -> -0.069444444 | E5: ='Fiscal Cliff Timeline'!E5 -> 7.7
A6: 2026 | B6: ='Fiscal Cliff Timeline'!D6 -> 3.1 | C6: =B6-B5 -> -3.6 | D6: =IF(B5=0,"N/A",(B6-B5)/B5) -> -0.53731343 | E6: ='Fiscal Cliff Timeline'!E6 -> 8
A7: 2027 | B7: ='Fiscal Cliff Timeline'!D7 -> 0 | C7: =B7-B6 -> -3.1 | D7: =IF(B6=0,"N/A",(B7-B6)/B6) -> -1 | E7: ='Fiscal Cliff Timeline'!E7 -> 6.8
A8: 2028 | B8: ='Fiscal Cliff Timeline'!D8 -> 0 | C8: =B8-B7 -> 0 | D8: =IF(B7=0,"N/A",(B8-B7)/B7) -> N/A | E8: ='Fiscal Cliff Timeline'!E8 -> 5.9
A10: Critical Year-over-Year Analysis:
A11: Largest Single-Year Drop: | B11: =MIN(C3:C8) -> -3.6 | C11: (2025→2026)
A12: Percentage Collapse (2025→2026): | B12: =D6 -> -0.53731343

Sheet Chart Instructions
A1: How to Create the Fiscal Cliff Chart in Excel
A3: BAR/LINE COMBO CHART (EU Funding + Budget Deficit):
A5: 1. Go to "Fiscal Cliff Timeline" sheet
A6: 2. Select data range A1:E8 (Year through Budget Deficit)
A7: 3. Insert → Charts → Combo Chart
A8: 4. Set up the series:
A9: - PNRR Funds: Clustered Column (or Stacked Column)
A10: - Anghel Saligny: Clustered Column (or Stacked Column)
A11: - Budget Deficit: Line with Markers, Secondary Axis
A13: 5. Format the chart:
A14: - Left axis: EU Funding in € billions (0-10)
A15: - Right axis: Budget Deficit % GDP (0-10%)
... A38: • No fiscal room to replace lost stimulus
